episode,seed,score,passed_1500,fires,high_fire_modes,steps,original_reward_sum,shaped_reward_sum,reason
1,9000,910.0,False,0,2628,2628,799.7148519831652,1343.4297053700457,CHARTREUSE vehicle reached the Hunter!
2,9001,904.0,False,0,2637,2653,774.2624588312704,1237.7746600737166,DEEPSKYBLUE vehicle reached the Hunter!
3,9002,608.0,False,0,1823,1833,488.9700737819865,798.7063154230293,CYAN vehicle reached the Hunter!
4,9003,1638.0,True,0,3829,3833,1447.5719700097447,2499.001076850839,CORAL vehicle reached the Hunter!
5,9004,1402.0,False,0,3474,3507,1218.579303038014,1926.0748462032263,MAGENTA vehicle reached the Hunter!
6,9005,394.0,False,0,1451,1459,283.6766728301966,510.70124234637825,ORANGE vehicle reached the Hunter!
7,9006,1210.0,False,0,3197,3197,1072.1268630829575,1658.1479782810973,DEEPSKYBLUE vehicle reached the Hunter!
8,9007,1624.0,True,0,3754,3828,1392.3638976843513,2296.752230203889,GOLD vehicle reached the Hunter!
9,9008,98.0,False,0,480,480,-12.282708118318382,-40.268501613496625,ORANGE vehicle reached the Hunter!
10,9009,994.0,False,0,2637,2638,881.237276730652,1493.6030030585512,RED vehicle reached the Hunter!
11,9010,1032.0,False,0,2892,2904,901.5623925172118,1477.1461413918794,CHARTREUSE vehicle reached the Hunter!
12,9011,1744.0,True,0,3810,3828,1473.1797097285992,2450.280625131978,GOLD vehicle reached the Hunter!
13,9012,1738.0,True,0,3831,3833,1546.456985191091,2547.5298823392277,YELLOW vehicle reached the Hunter!
14,9013,34.0,False,0,231,231,-76.13952408040083,-136.37843030655898,CYAN vehicle reached the Hunter!
15,9014,1706.0,True,0,3820,3833,1570.852853367956,2572.632299383325,TURQUOISE vehicle reached the Hunter!
16,9015,1766.0,True,0,3813,3828,1555.7303564214615,2554.658760743134,TURQUOISE vehicle reached the Hunter!
17,9016,964.0,False,0,2634,2634,828.1298841936052,1438.513433993526,DEEPSKYBLUE vehicle reached the Hunter!
18,9017,50.0,False,0,232,232,-60.15611943589532,-132.09676910744992,ORANGE vehicle reached the Hunter!
19,9018,1604.0,True,0,3688,3692,1444.7399728818725,2341.529720272629,DEEPSKYBLUE vehicle reached the Hunter!
20,9019,52.0,False,0,235,235,-58.9654958307603,-135.4387281381944,CYAN vehicle reached the Hunter!
21,9020,738.0,False,0,2352,2411,626.7124852555069,1018.9980118935391,RED vehicle reached the Hunter!
22,9021,50.0,False,0,230,230,-60.28579109611648,-151.50541061821122,ORANGE vehicle reached the Hunter!
23,9022,444.0,False,0,1491,1527,330.23878958023795,578.0676569203264,CYAN vehicle reached the Hunter!
24,9023,1238.0,False,0,3219,3219,1104.0097899221362,1733.0096812938646,YELLOW vehicle reached the Hunter!
25,9024,1792.0,True,0,3820,3828,1661.4079816475094,2776.0316443291003,CORAL vehicle reached the Hunter!
26,9025,428.0,False,0,1420,1467,317.7251087584468,541.4360114493311,CYAN vehicle reached the Hunter!
27,9026,414.0,False,0,1429,1429,304.02562121987285,527.5182685005658,YELLOW vehicle reached the Hunter!
28,9027,1680.0,True,0,3817,3828,1508.1330046917947,2493.2234694602107,HOTPINK vehicle reached the Hunter!
29,9028,434.0,False,0,1491,1513,323.73457644853397,577.8994046059572,RED vehicle reached the Hunter!
30,9029,890.0,False,0,2613,2628,759.7307460391871,1311.7263957298178,DEEPSKYBLUE vehicle reached the Hunter!
31,9030,32.0,False,0,231,231,-78.15466996256117,-164.4324175030351,ORANGE vehicle reached the Hunter!
32,9031,754.0,False,0,2321,2348,643.724810529041,1027.7358585074412,ORANGE vehicle reached the Hunter!
33,9032,354.0,False,0,1409,1434,243.89853015501325,419.3829108532184,YELLOW vehicle reached the Hunter!
34,9033,802.0,False,0,2471,2475,651.7188273449401,1102.0160588093297,MAGENTA vehicle reached the Hunter!
35,9034,1632.0,True,0,3825,3847,1493.0419193763546,2389.1992175979435,YELLOW vehicle reached the Hunter!
36,9035,1666.0,True,0,3812,3829,1510.4442990857094,2403.531592310048,HOTPINK vehicle reached the Hunter!
37,9036,1648.0,True,0,3835,3835,1477.996526133095,2474.0508480611234,ORANGE vehicle reached the Hunter!
38,9037,34.0,False,0,229,229,-76.29437882520223,-190.4550735864785,ORANGE vehicle reached the Hunter!
39,9038,1774.0,True,0,3832,3848,1620.5391809821128,2673.641297214042,DEEPSKYBLUE vehicle reached the Hunter!
40,9039,1898.0,True,0,4008,4022,1745.800057854627,3002.5770437764904,TURQUOISE vehicle reached the Hunter!
41,9040,1762.0,True,0,3848,3864,1569.2267247116276,2626.073788171984,TOMATO vehicle reached the Hunter!
42,9041,50.0,False,0,232,232,-60.30659503307212,-142.6032478269564,CYAN vehicle reached the Hunter!
43,9042,50.0,False,0,233,233,-59.674665448910126,-156.8409433867992,CYAN vehicle reached the Hunter!
44,9043,910.0,False,0,2608,2628,798.9765763596521,1303.2926662282023,TOMATO vehicle reached the Hunter!
45,9044,50.0,False,0,229,229,-59.64527100979668,-154.7049589294134,LIME vehicle reached the Hunter!
46,9045,890.0,False,0,2537,2579,719.7065687532242,1306.6741796512458,YELLOW vehicle reached the Hunter!
47,9046,444.0,False,0,1433,1433,333.7246186954931,592.504512737508,LIME vehicle reached the Hunter!
48,9047,1658.0,True,0,3828,3828,1544.1408203553192,2493.7122198676166,GOLD vehicle reached the Hunter!
49,9048,1052.0,False,0,2900,2904,917.7770446823437,1610.124938587987,DEEPSKYBLUE vehicle reached the Hunter!
50,9049,946.0,False,0,2613,2653,788.3821169388283,1350.4468248665376,DEEPSKYBLUE vehicle reached the Hunter!
51,9050,820.0,False,0,2398,2630,709.7170184281731,1219.8818852380246,YELLOW vehicle reached the Hunter!
52,9051,1618.0,True,0,3716,3747,1427.4188372853412,2312.883011370011,MAGENTA vehicle reached the Hunter!
53,9052,432.0,False,0,1400,1450,297.928095335503,514.4322719903191,LIME vehicle reached the Hunter!
54,9053,1032.0,False,0,2628,2628,901.7230987603645,1569.1196499259513,TOMATO vehicle reached the Hunter!
55,9054,50.0,False,0,230,230,-60.18274175897114,-131.1594553638982,CYAN vehicle reached the Hunter!
56,9055,2272.0,True,0,4454,4507,2038.0675667422079,3147.8374924700743,RED vehicle reached the Hunter!
57,9056,828.0,False,0,2587,2630,689.5869338236016,1069.0849275074147,TOMATO vehicle reached the Hunter!
58,9057,848.0,False,0,2618,2637,676.0694772902375,1258.755756830301,CHARTREUSE vehicle reached the Hunter!
59,9058,1290.0,False,0,3253,3261,1158.263068402772,1913.564408582219,MAGENTA vehicle reached the Hunter!
60,9059,1692.0,True,0,3793,3834,1538.9468350760221,2581.8647009531824,LIME vehicle reached the Hunter!
61,9060,32.0,False,0,231,231,-78.16126671281893,-167.94220183340153,RED vehicle reached the Hunter!
62,9061,460.0,False,0,1387,1429,349.60696309649484,637.7456460436536,YELLOW vehicle reached the Hunter!
63,9062,1682.0,True,0,3827,3832,1531.471539994258,2595.518052078268,GOLD vehicle reached the Hunter!
64,9063,32.0,False,0,232,232,-78.11647893529886,-168.1657802210426,RED vehicle reached the Hunter!
65,9064,34.0,False,0,229,229,-76.03999456729836,-140.42567895259805,LIME vehicle reached the Hunter!
66,9065,34.0,False,0,229,229,-76.27355972188157,-164.40844026940508,LIME vehicle reached the Hunter!
67,9066,1600.0,True,0,3810,3829,1469.8934943234744,2491.652957137812,HOTPINK vehicle reached the Hunter!
68,9067,994.0,False,0,2620,2628,863.7254211002304,1549.1558197837785,TOMATO vehicle reached the Hunter!
69,9068,1658.0,True,0,3808,3828,1504.946813223144,2483.13956734398,HOTPINK vehicle reached the Hunter!
70,9069,2044.0,True,0,4331,4346,1865.5954545489888,2922.0373497192118,MAGENTA vehicle reached the Hunter!
71,9070,1658.0,True,0,3825,3828,1383.1663669708653,2419.8200761202297,GOLD vehicle reached the Hunter!
72,9071,952.0,False,0,2648,2648,819.3443930738194,1470.2340364043953,YELLOW vehicle reached the Hunter!
73,9072,52.0,False,0,230,230,-58.00747283815963,-122.21265557646379,RED vehicle reached the Hunter!
74,9073,34.0,False,0,235,235,-76.83301432882368,-166.91985240732248,CYAN vehicle reached the Hunter!
75,9074,786.0,False,0,2393,2439,635.7505208730985,1112.598975944548,CYAN vehicle reached the Hunter!
76,9075,1722.0,True,0,3800,3832,1548.6350115642067,2533.601802893595,CORAL vehicle reached the Hunter!
77,9076,16.0,False,0,229,229,-94.31158118608839,-198.78985567453748,RED vehicle reached the Hunter!
78,9077,1404.0,False,0,3203,3211,1293.73353955774,2091.7279811862068,YELLOW vehicle reached the Hunter!
79,9078,1134.0,False,0,3059,3075,967.0107483251553,1558.06061265068,RED vehicle reached the Hunter!
80,9079,966.0,False,0,2677,2689,815.7085308383756,1421.725015184764,LIME vehicle reached the Hunter!
81,9080,890.0,False,0,2612,2631,778.1072892214271,1337.1508249737262,CHARTREUSE vehicle reached the Hunter!
82,9081,1714.0,True,0,3812,3829,1561.9306722712695,2678.8112685466062,GOLD vehicle reached the Hunter!
83,9082,314.0,False,0,1119,1159,203.71021331539316,363.38093085994905,CYAN vehicle reached the Hunter!
84,9083,376.0,False,0,1409,1428,245.69029542819464,429.6145650948673,MAGENTA vehicle reached the Hunter!
85,9084,32.0,False,0,232,232,-78.05907247349654,-157.99415997311507,LIME vehicle reached the Hunter!
86,9085,518.0,False,0,1753,1753,407.9679621048257,686.6729933805728,CYAN vehicle reached the Hunter!
87,9086,50.0,False,0,236,236,-60.71179927256924,-142.8211705293975,ORANGE vehicle reached the Hunter!
88,9087,1670.0,True,0,3827,3831,1516.7029478768875,2448.9582346467664,HOTPINK vehicle reached the Hunter!
89,9088,1578.0,True,0,3798,3828,1424.9636296801725,2406.8649483494987,HOTPINK vehicle reached the Hunter!
90,9089,1022.0,False,0,2663,2672,911.7094381060982,1493.120723954719,ORANGE vehicle reached the Hunter!
91,9090,678.0,False,0,2081,2084,547.5533181049698,969.4535257675514,CYAN vehicle reached the Hunter!
92,9091,1640.0,True,0,3818,3828,1484.717095737847,2416.6915839628355,HOTPINK vehicle reached the Hunter!
93,9092,978.0,False,0,2650,2651,827.7583649372382,1469.0247226881374,MAGENTA vehicle reached the Hunter!
94,9093,376.0,False,0,1415,1428,265.79802262176213,449.238072484624,YELLOW vehicle reached the Hunter!
95,9094,16.0,False,0,229,229,-94.1216896448763,-193.11513840300162,ORANGE vehicle reached the Hunter!
96,9095,1704.0,True,0,3846,3864,1508.318483900784,2604.490479593042,MAGENTA vehicle reached the Hunter!
97,9096,1194.0,False,0,3047,3089,1079.9422026672912,1695.4491210928534,TOMATO vehicle reached the Hunter!
98,9097,360.0,False,0,1387,1436,246.8019046809946,402.3670124366539,CYAN vehicle reached the Hunter!
99,9098,974.0,False,0,2852,2872,837.6354428288927,1275.8960418317313,CHARTREUSE vehicle reached the Hunter!
100,9099,1764.0,True,0,3862,3876,1560.3276944648946,2588.616033359751,LIME vehicle reached the Hunter!
