model,step,score,reward,fires
Dueling Double DQN,229,-82.0,-192.28731975088198,41
Dueling Double DQN,458,-52.0,-162.28526878920354,36
Dueling Double DQN,687,-54.0,-164.30398261568098,37
Dueling Double DQN,916,-104.0,-214.29534706094836,52
Dueling Double DQN,1145,-92.0,-202.2692727301894,46
Dueling Double DQN,1374,-66.0,-176.2881298510451,33
Dueling Double DQN,1603,-80.0,-190.30375827464707,40
Dueling Double DQN,1832,-54.0,-164.2882854048524,37
Dueling Double DQN,2061,-78.0,-188.30798531013414,49
Dueling Double DQN,2290,-66.0,-176.28873235360874,33
Dueling Double DQN,2519,-50.0,-160.29289225599018,35
Dueling Double DQN,2748,-84.0,-194.295188020268,42
Dueling Double DQN,2977,-58.0,-168.27671650701745,29
Dueling Double DQN,3206,-60.0,-170.3021784597473,30
Dueling Double DQN,3435,-64.0,-174.28392771255602,32
Dueling Double DQN,3664,-70.0,-180.30599696792575,35
Dueling Double DQN,3893,-80.0,-190.30659300677422,40
Dueling Double DQN,4122,-58.0,-168.28584306852687,39
Dueling Double DQN,4351,-70.0,-180.3005324385066,35
Dueling Double DQN,4580,-42.0,-152.2940141459586,31
Dueling Double DQN,4809,-58.0,-168.30152502522873,39
Dueling Double DQN,5038,-64.0,-174.30157842840302,32
Dueling Double DQN,5267,-42.0,-151.67169889744744,31
Dueling Double DQN,5496,-80.0,-190.30057971218696,40
Dueling Double DQN,5725,-62.0,-172.30379714980648,31
Dueling Double DQN,5954,-78.0,-188.29161906594925,39
Dueling Double DQN,6186,-54.0,-164.18258284628058,37
Dueling Double DQN,6415,-74.0,-184.28279786072792,37
Dueling Double DQN,6644,-42.0,-152.3026657714059,21
Dueling Double DQN,6873,-54.0,-164.29034623420625,27
Dueling Double DQN,7102,-66.0,-176.28767040873458,33
Dueling Double DQN,7331,-44.0,-154.29695622324385,22
Dueling Double DQN,7560,-66.0,-176.29048296132538,33
Dueling Double DQN,7789,-74.0,-184.31209810930625,37
Dueling Double DQN,8018,-42.0,-152.2939649343112,31
Dueling Double DQN,8250,-78.0,-188.03720929701518,39
Dueling Double DQN,8479,-46.0,-156.30622764817932,23
Dueling Double DQN,8708,-72.0,-182.29658059423167,36
Dueling Double DQN,8937,-70.0,-180.3066886982173,35
Dueling Double DQN,9166,-58.0,-168.2954439762159,29
Dueling Double DQN,9395,-66.0,-176.2967420129322,33
Dueling Double DQN,9624,-72.0,-182.28814039029072,36
Dueling Double DQN,9854,-32.0,-142.23221841545163,26
Dueling Double DQN,10083,-38.0,-148.29815130882776,29
Dueling Double DQN,10312,-62.0,-172.312692908657,31
Dueling Double DQN,10541,-76.0,-186.3073970447624,38
Dueling Double DQN,10770,-52.0,-162.31441673514215,26
Dueling Double DQN,10999,-54.0,-164.2888779353488,37
Dueling Double DQN,11228,-58.0,-168.29532035381595,29
Dueling Double DQN,11457,-54.0,-164.28808140160925,37
Dueling Double DQN,11686,-74.0,-184.28726732714335,37
Dueling Double DQN,11915,-44.0,-154.31071997893025,32
Dueling Double DQN,12144,-32.0,-142.2804445046863,26
Dueling Double DQN,12373,-60.0,-170.29487895864494,30
Dueling Double DQN,12602,-60.0,-170.31211919985444,30
Dueling Double DQN,12831,-32.0,-142.2842232933284,26
Dueling Double DQN,13060,-70.0,-180.30723029090345,35
Dueling Double DQN,13289,-50.0,-160.16422331215855,35
Dueling Double DQN,13518,-68.0,-178.30259261457073,34
Dueling Double DQN,13747,-42.0,-152.28441408702,31
Dueling Double DQN,13976,-48.0,-158.30526426304755,34
Dueling Double DQN,14205,-42.0,-152.31308035196534,31
Dueling Double DQN,14434,-28.0,-138.29611648171564,24
Dueling Double DQN,14663,-56.0,-166.28592393222885,28
Dueling Double DQN,14892,-38.0,-148.29038399803122,19
Dueling Double DQN,15121,-54.0,-164.29631565695647,27
Dueling Double DQN,15350,-72.0,-182.29909507717744,36
Dueling Double DQN,15579,-68.0,-178.31617941292046,34
Dueling Double DQN,15808,-50.0,-160.29780477928736,25
Dueling Double DQN,16037,-80.0,-190.28865938320087,40
Dueling Double DQN,16266,-52.0,-162.28491513267255,26
Dueling Double DQN,16495,-16.0,-126.26302444157449,18
Dueling Double DQN,16724,-24.0,-134.27981907495183,22
Dueling Double DQN,16953,-20.0,-130.29938284511522,20
Dueling Double DQN,17182,-38.0,-148.29812421217503,19
Dueling Double DQN,17411,-32.0,-142.29770013530862,26
Dueling Double DQN,17640,-50.0,-160.24023375192385,35
Dueling Double DQN,17869,-52.0,-162.30116115299145,26
Dueling Double DQN,18098,-70.0,-180.2964821962159,35
Dueling Double DQN,18327,-58.0,-168.2990038872252,29
Dueling Double DQN,18556,-54.0,-164.29191599820965,27
Dueling Double DQN,18785,-64.0,-174.29726280010456,32
Dueling Double DQN,19014,-48.0,-158.30466081125695,24
Dueling Double DQN,19243,-44.0,-154.2991395348265,32
Dueling Double DQN,19472,-46.0,-156.31035171235902,23
Dueling Double DQN,19701,-58.0,-168.2772195355954,29
Dueling Double DQN,19930,-42.0,-152.2983798660454,21
Dueling Double DQN,20159,-56.0,-166.2900966179836,28
Dueling Double DQN,20388,-42.0,-152.30435864980606,21
Dueling Double DQN,20617,-44.0,-154.2969362104295,22
Dueling Double DQN,20846,-14.0,-124.2869340022084,17
Dueling Double DQN,21075,-16.0,-126.30565227428565,18
Dueling Double DQN,21304,-16.0,-126.29303939777225,18
Dueling Double DQN,21533,-22.0,-132.3095280330097,21
Dueling Double DQN,21762,-56.0,-166.28882509272074,28
Dueling Double DQN,21991,-54.0,-164.28669959457605,27
Dueling Double DQN,22220,-62.0,-172.2895524891494,31
Dueling Double DQN,22449,-44.0,-154.28653791593774,22
Dueling Double DQN,22678,-44.0,-154.30502456587942,22
Dueling Double DQN,22907,-20.0,-130.30615877764723,20
Dueling Double DQN,23136,-42.0,-152.2925397287447,21
Dueling Double DQN,23365,-30.0,-140.30249650014036,25
Dueling Double DQN,23594,-12.0,-122.29565283078786,16
Dueling Double DQN,23823,-6.0,-116.30743259039774,13
Dueling Double DQN,24052,-44.0,-154.266028420871,22
Dueling Double DQN,24281,-54.0,-164.30508372025136,27
Dueling Double DQN,24510,-30.0,-140.28082412841604,25
Dueling Double DQN,24739,-32.0,-142.3000536912602,26
Dueling Double DQN,24968,-26.0,-136.3077561687121,13
Dueling Double DQN,25197,-52.0,-162.29335940375324,26
Dueling Double DQN,25426,-24.0,-134.30942609548393,22
Dueling Double DQN,25655,-42.0,-152.28587596325445,21
Dueling Double DQN,25884,-44.0,-154.30178448472904,22
Dueling Double DQN,26113,-24.0,-134.29258664010544,22
Dueling Double DQN,26342,-20.0,-130.28349002949903,20
Dueling Double DQN,26571,-36.0,-146.30445612981833,18
Dueling Double DQN,26800,-18.0,-128.28965589494157,19
Dueling Double DQN,27029,-44.0,-154.2935578811223,22
Dueling Double DQN,27259,-12.0,-122.26501717293365,16
Dueling Double DQN,27488,-24.0,-134.30505264286492,22
Dueling Double DQN,27717,-36.0,-146.30188725740987,18
Dueling Double DQN,27946,-16.0,-126.29105815466684,18
Dueling Double DQN,28175,-46.0,-156.3211360679699,23
Dueling Double DQN,28404,-52.0,-162.28527152117704,36
Dueling Double DQN,28633,-42.0,-152.29425042792113,21
Dueling Double DQN,28862,-34.0,-144.3063585276863,17
Dueling Double DQN,29091,-44.0,-154.2633773958537,22
Dueling Double DQN,29320,-38.0,-148.2906211277037,19
Dueling Double DQN,29549,-26.0,-136.28582116670086,13
Dueling Double DQN,29778,-38.0,-148.2840182918326,19
Dueling Double DQN,30007,-16.0,-126.27722613826143,18
Dueling Double DQN,30236,-26.0,-136.3062360954051,23
Dueling Double DQN,30465,-38.0,-148.30408500751133,19
Dueling Double DQN,30694,-4.0,-114.28832769385605,12
Dueling Double DQN,30923,-42.0,-152.2966695443841,21
Dueling Double DQN,31152,-30.0,-140.30319427657406,15
Dueling Double DQN,31381,-36.0,-146.30345551376377,18
Dueling Double DQN,31610,-34.0,-144.2900104822357,17
Dueling Double DQN,31839,-52.0,-162.27559487810183,26
Dueling Double DQN,32068,-42.0,-152.30185766786826,21
Dueling Double DQN,32297,-24.0,-134.2814456013347,22
Dueling Double DQN,32526,-30.0,-140.31625357603437,15
Dueling Double DQN,32755,-32.0,-142.29258283721168,16
Dueling Double DQN,32984,-40.0,-150.30874810864356,20
Dueling Double DQN,33213,-36.0,-146.2933671073225,18
Dueling Double DQN,33442,-34.0,-144.30250474985536,17
Dueling Double DQN,33671,-10.0,-120.2940973501189,15
Dueling Double DQN,33900,-30.0,-140.29210867809917,15
Dueling Double DQN,34129,-20.0,-130.30502127116563,20
Dueling Double DQN,34358,4.0,-106.3043249580388,18
Dueling Double DQN,34587,-42.0,-152.30637754935714,21
Dueling Double DQN,34816,-12.0,-122.30163579689837,16
Dueling Double DQN,35045,-46.0,-156.29144345076483,23
Dueling Double DQN,35274,-12.0,-122.30189393427395,16
Dueling Double DQN,35503,-24.0,-134.28507000607587,12
Dueling Double DQN,35733,-6.0,-115.70621539223336,13
Dueling Double DQN,35962,-32.0,-141.67747980883814,16
Dueling Double DQN,36191,-32.0,-142.29089400970983,16
Dueling Double DQN,36420,-10.0,-120.30585617623044,15
Dueling Double DQN,36649,-12.0,-122.2925169791076,16
Dueling Double DQN,36878,-18.0,-128.2854512496001,9
Dueling Double DQN,37107,-4.0,-114.28150732814575,12
Dueling Double DQN,37336,-12.0,-122.29648299214479,16
Dueling Double DQN,37565,-32.0,-142.30349539635682,26
Dueling Double DQN,37794,-8.0,-118.30240898972102,14
Dueling Double DQN,38023,-24.0,-134.28309820546315,12
Dueling Double DQN,38252,-14.0,-124.30277967953592,17
Dueling Double DQN,38481,-20.0,-130.09012051442159,20
Dueling Double DQN,38710,-28.0,-138.2831300093021,14
Dueling Double DQN,38939,-6.0,-116.32226692780311,13
Dueling Double DQN,39168,-8.0,-118.28105066696573,14
Dueling Double DQN,39397,-24.0,-134.28056709208948,12
Dueling Double DQN,39626,6.0,-104.30769532747482,7
Dueling Double DQN,39855,18.0,-92.28545915913125,11
Dueling Double DQN,40084,-28.0,-138.30048233882013,14
Dueling Double DQN,40313,-2.0,-112.29980916127793,11
Dueling Double DQN,40542,-12.0,-122.30689630586551,16
Dueling Double DQN,40771,-34.0,-144.30330803513414,17
Dueling Double DQN,41000,-10.0,-120.30274272457784,15
Dueling Double DQN,41229,-20.0,-130.29592683945626,10
Dueling Double DQN,41458,-22.0,-132.29687074540513,11
Dueling Double DQN,41687,-20.0,-130.28909136520855,10
Dueling Double DQN,41916,-16.0,-126.26986247855562,8
Dueling Double DQN,42145,-30.0,-140.2923964971163,15
Dueling Double DQN,42374,-30.0,-140.2935467769772,15
Dueling Double DQN,42603,-28.0,-138.30793713219572,14
Dueling Double DQN,42832,-24.0,-134.29764921816036,12
Dueling Double DQN,43061,-22.0,-132.30141397116603,11
Dueling Double DQN,43290,-22.0,-132.2928858271768,11
Dueling Double DQN,43519,-18.0,-128.30622944880048,9
Dueling Double DQN,43748,-22.0,-132.27802576950205,11
Dueling Double DQN,43977,-12.0,-122.30141247810943,6
Dueling Double DQN,44206,-18.0,-128.30281889026196,9
Dueling Double DQN,44435,-10.0,-120.29770857752362,5
Dueling Double DQN,44664,-20.0,-129.95823715441466,10
Dueling Double DQN,44893,-2.0,-112.29968288264352,11
Dueling Double DQN,45122,-18.0,-128.28934755597783,9
Dueling Double DQN,45351,-16.0,-126.29149458101698,8
Dueling Double DQN,45580,-10.0,-120.30546099088896,15
Dueling Double DQN,45809,-22.0,-132.2901191447035,11
Dueling Double DQN,46038,-20.0,-130.29294287141778,10
Dueling Double DQN,46267,-14.0,-124.29996240443259,7
Dueling Double DQN,46496,-16.0,-126.30377562909437,8
Dueling Double DQN,46725,-8.0,-118.30322964555576,14
Dueling Double DQN,46954,-14.0,-124.28276480602977,7
Dueling Double DQN,47183,-14.0,-124.28834038615476,7
Dueling Double DQN,47412,14.0,-96.2873459700403,3
Dueling Double DQN,47641,6.0,-104.29038211114766,7
Dueling Double DQN,47870,28.0,-82.29732454704191,6
Dueling Double DQN,48099,-16.0,-126.28424788971869,8
Dueling Double DQN,48328,8.0,-102.28047993949262,6
Dueling Double DQN,48557,-10.0,-120.27331050543881,5
Dueling Double DQN,48786,-12.0,-122.28785008263522,6
Dueling Double DQN,49015,-12.0,-122.28330426789063,6
Dueling Double DQN,49244,-20.0,-130.30991811676785,10
Dueling Double DQN,49473,-10.0,-120.2825281289471,5
Dueling Double DQN,49702,-24.0,-134.29174841041458,12
Dueling Double DQN,49931,-10.0,-120.29281556560923,5
Dueling Double DQN,50160,-18.0,-128.31088675087338,9
Dueling Double DQN,50389,-10.0,-120.30385504559843,5
Dueling Double DQN,50618,-18.0,-128.2952360095775,9
Dueling Double DQN,50847,-16.0,-126.29887433312854,8
Dueling Double DQN,51076,-6.0,-116.29143803375337,3
Dueling Double DQN,51305,-20.0,-130.29444029993243,10
Dueling Double DQN,51534,-16.0,-126.30549511379385,8
Dueling Double DQN,51763,-10.0,-120.28749369261243,5
Dueling Double DQN,51992,-12.0,-122.26103653735538,6
Dueling Double DQN,52221,-8.0,-118.29486793055561,4
Dueling Double DQN,52450,-4.0,-114.29935618118563,2
Dueling Double DQN,52679,-14.0,-124.2789152215891,7
Dueling Double DQN,52908,-10.0,-120.2848333017948,5
Dueling Double DQN,53137,-6.0,-116.29969754701152,3
Dueling Double DQN,53366,-6.0,-116.31119657260177,3
Dueling Double DQN,53595,-6.0,-116.31122787734806,3
Dueling Double DQN,53824,-2.0,-112.28617367862026,1
Dueling Double DQN,54053,-8.0,-118.26705791446672,4
Dueling Double DQN,54282,-8.0,-118.29302341852403,4
Dueling Double DQN,54511,-6.0,-116.31064440632389,3
Dueling Double DQN,54740,-2.0,-112.3116051652148,1
Dueling Double DQN,54969,-10.0,-120.28649284569724,5
Dueling Double DQN,55198,-6.0,-116.28199731098624,3
Dueling Double DQN,55427,-8.0,-118.30119074393681,4
Dueling Double DQN,55656,0.0,-110.29531397502677,0
Dueling Double DQN,55885,-6.0,-115.7187800409327,3
Dueling Double DQN,56114,0.0,-110.30666545089943,0
Dueling Double DQN,56343,0.0,-110.30488346010237,0
Dueling Double DQN,56572,-2.0,-112.30612636044589,1
Dueling Double DQN,56801,-6.0,-116.26174783135914,3
Dueling Double DQN,57030,-10.0,-120.29728764946736,5
Dueling Double DQN,57259,0.0,-110.28830733122564,0
Dueling Double DQN,57488,-4.0,-114.30830187735728,2
Dueling Double DQN,57717,-4.0,-114.29620716599848,2
Dueling Double DQN,57946,-2.0,-112.29637620159971,1
Dueling Double DQN,58175,-8.0,-118.28655256637428,4
Dueling Double DQN,58404,0.0,-110.29424025287665,0
Dueling Double DQN,58633,0.0,-110.30493054458137,0
Dueling Double DQN,58862,-4.0,-114.29322173840117,2
Dueling Double DQN,59091,-6.0,-116.29619232317096,3
Dueling Double DQN,59320,-2.0,-112.30108164315985,1
Dueling Double DQN,59549,0.0,-110.29445257977773,0
Dueling Double DQN,59778,-2.0,-112.27397057900748,1
Dueling Double DQN,60007,0.0,-110.28393436809803,0
Dueling Double DQN,60236,-6.0,-116.30123781537398,3
Dueling Double DQN,60465,-2.0,-112.29476623968475,1
Dueling Double DQN,60694,-4.0,-114.28058601536299,2
Dueling Double DQN,60923,-2.0,-112.30132404077175,1
Dueling Double DQN,61152,-4.0,-114.30500025327495,2
Dueling Double DQN,61381,-6.0,-116.31119443800675,3
Dueling Double DQN,61610,-4.0,-114.24822935339961,2
Dueling Double DQN,61839,-4.0,-114.30923401609948,2
Dueling Double DQN,62068,-4.0,-114.31835627842926,2
Dueling Double DQN,62297,0.0,-110.27957298240375,0
Dueling Double DQN,62526,0.0,-110.30281112069616,0
Dueling Double DQN,62755,-2.0,-112.3013774105859,1
Dueling Double DQN,62984,-8.0,-118.27819179449992,4
Dueling Double DQN,63213,-4.0,-114.30536591838231,2
Dueling Double DQN,63442,-4.0,-114.30213962575242,2
Dueling Double DQN,63671,-2.0,-112.30314299392167,1
Dueling Double DQN,63900,-8.0,-118.28793012968009,14
Dueling Double DQN,64129,0.0,-110.2882942419484,0
Dueling Double DQN,64358,-4.0,-114.25826646617894,2
Dueling Double DQN,64587,-4.0,-114.30715605545157,2
Dueling Double DQN,64816,-6.0,-116.1350340120944,3
Dueling Double DQN,65045,12.0,-98.29808187731895,4
Dueling Double DQN,65274,-2.0,-112.31003971413422,1
Dueling Double DQN,65503,-4.0,-114.2930212581562,2
Dueling Double DQN,65732,-2.0,-112.290570770975,1
Dueling Double DQN,65961,-4.0,-114.2356506153276,2
Dueling Double DQN,66190,-4.0,-114.28900162560161,2
Dueling Double DQN,66419,-6.0,-116.28231372435104,3
Dueling Double DQN,66648,-8.0,-118.30166195125258,4
Dueling Double DQN,66877,0.0,-110.30144662035781,0
Dueling Double DQN,67106,-4.0,-114.30141584477516,2
Dueling Double DQN,67335,-4.0,-114.27356591930466,2
Dueling Double DQN,67564,-2.0,-112.31791223094284,1
Dueling Double DQN,67793,-2.0,-112.26086811851681,1
Dueling Double DQN,68022,-6.0,-116.29445147915783,3
Dueling Double DQN,68251,-2.0,-112.30113996193062,1
Dueling Double DQN,68480,-4.0,-114.30123085595386,2
Dueling Double DQN,68709,-2.0,-112.29305415565852,1
Dueling Double DQN,68938,-2.0,-112.30276856934208,1
Dueling Double DQN,69167,-6.0,-116.29244975907002,3
Dueling Double DQN,69396,-8.0,-118.30565818762662,4
Dueling Double DQN,69625,-6.0,-116.29256096274197,3
Dueling Double DQN,69854,-2.0,-112.29326311662535,1
Dueling Double DQN,70083,0.0,-110.30348600106598,0
Dueling Double DQN,70312,-12.0,-122.28339685650273,6
Dueling Double DQN,70541,-8.0,-118.3029700221297,4
Dueling Double DQN,70770,-2.0,-112.3046411020003,1
Dueling Double DQN,70999,-2.0,-112.30130851973442,1
Dueling Double DQN,71228,-8.0,-118.25916688068408,4
Dueling Double DQN,71457,-4.0,-114.28683449333093,2
Dueling Double DQN,71686,-4.0,-114.285803934885,2
Dueling Double DQN,71915,18.0,-92.29125420836966,1
Dueling Double DQN,72144,-4.0,-114.3085373041925,2
Dueling Double DQN,72373,0.0,-110.30926532940303,0
Dueling Double DQN,72602,-2.0,-112.28685996944223,1
Dueling Double DQN,72831,10.0,-100.28619610499146,5
Dueling Double DQN,73060,-2.0,-112.28655521115489,1
Dueling Double DQN,73289,18.0,-92.31142975894886,1
Dueling Double DQN,73518,-2.0,-112.29942526654548,1
Dueling Double DQN,73747,-2.0,-112.30307222633803,1
Dueling Double DQN,73976,-4.0,-114.28450754154194,2
Dueling Double DQN,74205,-2.0,-112.27891820603266,1
Dueling Double DQN,74434,-4.0,-114.2978222627516,2
Dueling Double DQN,74663,0.0,-110.31300320534173,0
Dueling Double DQN,74892,0.0,-110.28358693717752,0
Dueling Double DQN,75121,-2.0,-112.31167818385947,1
Dueling Double DQN,75350,-4.0,-114.30261989885018,2
Dueling Double DQN,75579,-2.0,-112.27374386265654,1
Dueling Double DQN,75808,-6.0,-116.3062964552041,3
Dueling Double DQN,76037,-8.0,-118.29139721538046,4
Dueling Double DQN,76266,0.0,-110.29830284924898,0
Dueling Double DQN,76495,-6.0,-116.28584849329755,3
Dueling Double DQN,76724,-4.0,-114.30146573317978,2
Dueling Double DQN,76953,34.0,-76.30116984204415,3
Dueling Double DQN,77182,-4.0,-114.29362795842364,2
Dueling Double DQN,77411,-4.0,-114.26913133632861,2
Dueling Double DQN,77640,-18.0,-128.26895019356957,9
Dueling Double DQN,77869,-6.0,-116.04664939669019,3
Dueling Double DQN,78098,-4.0,-114.29629513013631,2
Dueling Double DQN,78327,12.0,-98.28967569615261,4
Dueling Double DQN,78556,-6.0,-116.29426635834402,3
Dueling Double DQN,78785,0.0,-110.27352650683511,0
Dueling Double DQN,79014,-6.0,-116.28969612790375,3
Dueling Double DQN,79243,-2.0,-112.29837989909788,1
Dueling Double DQN,79472,-2.0,-112.29133827565492,1
Dueling Double DQN,79701,-4.0,-114.30207766322465,2
Dueling Double DQN,79930,-4.0,-114.30288793217504,2
