model,timesteps,mean_score,max_score,min_score,mean_reward,mean_fires,mean_steps,mean_hit_rate,eval_episodes,action6_used
Dueling Double DQN,25000,-2.8,0.0,-10.0,-113.09348057798358,1.4,229.0,0.0,5,False
Dueling Double DQN,50000,0.0,0.0,0.0,-110.29348057798359,0.0,229.0,0.0,5,False
Dueling Double DQN,75000,-5.6,0.0,-28.0,-115.89348057798358,2.8,229.0,0.0,5,False
Dueling Double DQN,100000,-8.4,0.0,-16.0,-118.69348057798359,4.2,229.0,0.0,5,False
Dueling Double DQN,125000,-1.2,0.0,-2.0,-111.49348057798359,0.6,229.0,0.0,5,False
Dueling Double DQN,150000,0.0,0.0,0.0,-110.29348057798359,0.0,229.0,0.0,5,False
Dueling Double DQN,175000,-2.0,0.0,-8.0,-112.29348057798359,1.0,229.0,0.0,5,False
Dueling Double DQN,200000,3.2,18.0,-2.0,-107.09348019956956,0.4,229.0,0.2,5,False
Dueling Double DQN,225000,-6.8,0.0,-18.0,-117.09348057798358,3.4,229.0,0.0,5,False
Dueling Double DQN,250000,-118.0,-46.0,-192.0,-228.29348057798356,59.0,229.0,0.0,5,False
Dueling Double DQN,275000,-23.6,-16.0,-32.0,-133.89348057798355,11.8,229.0,0.0,5,False
Dueling Double DQN,300000,-139.6,-78.0,-178.0,-249.89348057798355,69.8,229.0,0.0,5,False
Dueling Double DQN,325000,-28.4,-14.0,-40.0,-138.69348057798356,14.2,229.0,0.0,5,False
Dueling Double DQN,350000,-10.0,-6.0,-12.0,-120.29348057798359,5.0,229.0,0.0,5,False
Dueling Double DQN,375000,-36.4,-12.0,-114.0,-146.69348057798356,18.2,229.0,0.0,5,False
Dueling Double DQN,400000,-44.0,-16.0,-140.0,-154.29348057798356,22.0,229.0,0.0,5,False
Dueling Double DQN,425000,-58.4,-40.0,-110.0,-168.69348057798356,29.2,229.0,0.0,5,False
Dueling Double DQN,450000,-55.6,-34.0,-96.0,-165.89429452320195,29.8,229.0,0.0034482758620689655,5,False
Dueling Double DQN,475000,-84.4,-28.0,-116.0,-194.6934805779836,42.2,229.0,0.0,5,False
Dueling Double DQN,500000,-50.8,-18.0,-70.0,-161.0934805779836,25.4,229.0,0.0,5,False
Dueling Double DQN,525000,-76.4,-28.0,-132.0,-186.6934805779836,38.2,229.0,0.0,5,False
Dueling Double DQN,550000,-81.6,-62.0,-96.0,-191.89348057798358,40.8,229.0,0.0,5,False
Dueling Double DQN,575000,-44.4,-6.0,-66.0,-154.68862975169733,24.2,229.0,0.005555555555555555,5,False
Dueling Double DQN,600000,-31.2,-16.0,-52.0,-141.49348057798358,15.6,229.0,0.0,5,False
Dueling Double DQN,625000,-13.2,-6.0,-24.0,-123.49348057798359,6.6,229.0,0.0,5,False
Dueling Double DQN,650000,-28.4,0.0,-78.0,-138.6934805779836,14.2,229.0,0.0,5,False
Dueling Double DQN,675000,-53.6,-34.0,-74.0,-163.89348057798358,26.8,229.0,0.0,5,False
Dueling Double DQN,700000,-53.2,-2.0,-120.0,-163.49348057798358,26.6,229.0,0.0,5,False
Dueling Double DQN,725000,-16.4,0.0,-34.0,-126.69348057798356,8.2,229.0,0.0,5,False
Dueling Double DQN,750000,-14.4,0.0,-40.0,-124.69348057798356,7.2,229.0,0.0,5,False
Dueling Double DQN,775000,-34.8,-28.0,-52.0,-145.09348057798357,17.4,229.0,0.0,5,False
Dueling Double DQN,800000,-4.0,0.0,-8.0,-114.29348057798359,2.0,229.0,0.0,5,False
Dueling Double DQN,825000,-11.6,-8.0,-16.0,-121.89348057798358,5.8,229.0,0.0,5,False
Dueling Double DQN,850000,-13.2,-10.0,-16.0,-123.49348057798359,6.6,229.0,0.0,5,False
Dueling Double DQN,875000,-7.6,6.0,-14.0,-117.86034711645466,5.8,229.0,0.02857142857142857,5,False
Dueling Double DQN,900000,-21.6,-8.0,-32.0,-131.8970987080814,12.8,229.0,0.014285714285714285,5,False
Dueling Double DQN,925000,-25.2,0.0,-46.0,-135.49348057798358,12.6,229.0,0.0,5,False
Dueling Double DQN,950000,-31.2,-24.0,-40.0,-141.49348057798358,15.6,229.0,0.0,5,False
Dueling Double DQN,975000,-23.2,-12.0,-40.0,-133.49348057798358,11.6,229.0,0.0,5,False
Dueling Double DQN,1000000,-14.4,-6.0,-32.0,-124.69348057798359,7.2,229.0,0.0,5,False
Dueling Double DQN,1025000,-3.2,0.0,-4.0,-113.49348057798359,1.6,229.0,0.0,5,False
Dueling Double DQN,1050000,0.0,0.0,0.0,-110.29348057798359,0.0,229.0,0.0,5,False
Dueling Double DQN,1075000,0.0,0.0,0.0,-110.29348057798359,0.0,229.0,0.0,5,False
Dueling Double DQN,1100000,0.0,0.0,0.0,-110.29348057798359,0.0,229.0,0.0,5,False
Dueling Double DQN,1125000,0.0,0.0,0.0,-110.29348057798359,0.0,229.0,0.0,5,False
Dueling Double DQN,1150000,0.0,0.0,0.0,-110.29348057798359,0.0,229.0,0.0,5,False
Dueling Double DQN,1175000,0.0,0.0,0.0,-110.29348057798359,0.0,229.0,0.0,5,False
Dueling Double DQN,1200000,0.0,0.0,0.0,-110.29348057798359,0.0,229.0,0.0,5,False
Dueling Double DQN,1225000,-1.2,0.0,-6.0,-111.49348057798359,0.6,229.0,0.0,5,False
Dueling Double DQN,1250000,0.0,0.0,0.0,-110.29348057798359,0.0,229.0,0.0,5,False
Dueling Double DQN,1275000,-2.8,0.0,-14.0,-113.09348057798358,1.4,229.0,0.0,5,False
Dueling Double DQN,1300000,-18.0,-14.0,-26.0,-128.29348057798356,9.0,229.0,0.0,5,False
Dueling Double DQN,1325000,-6.8,-6.0,-8.0,-117.09348057798358,3.4,229.0,0.0,5,False
Dueling Double DQN,1350000,-5.2,-2.0,-8.0,-115.49348057798359,2.6,229.0,0.0,5,False
Dueling Double DQN,1375000,-10.4,-4.0,-14.0,-120.69348057798359,5.2,229.0,0.0,5,False
Dueling Double DQN,1400000,-10.0,-4.0,-16.0,-120.29348057798359,5.0,229.0,0.0,5,False
Dueling Double DQN,1425000,-10.4,-2.0,-20.0,-120.63056897210625,7.2,229.0,0.010526315789473684,5,False
Dueling Double DQN,1450000,-65.2,-30.0,-96.0,-175.49348057798358,32.6,229.0,0.0,5,False
Dueling Double DQN,1475000,-31.2,-26.0,-48.0,-141.49348057798358,15.6,229.0,0.0,5,False
Dueling Double DQN,1500000,-18.4,-6.0,-22.0,-128.69348057798356,9.2,229.0,0.0,5,False
Dueling Double DQN,1525000,-16.8,-8.0,-24.0,-127.09348057798358,8.4,229.0,0.0,5,False
Dueling Double DQN,1550000,-14.4,-10.0,-20.0,-124.69348057798359,7.2,229.0,0.0,5,False
Dueling Double DQN,1575000,-13.6,-10.0,-16.0,-123.89348057798358,6.8,229.0,0.0,5,False
Dueling Double DQN,1600000,-4.4,0.0,-6.0,-114.69348057798359,2.2,229.0,0.0,5,False
Dueling Double DQN,1625000,0.0,0.0,0.0,-110.29348057798359,0.0,229.0,0.0,5,False
Dueling Double DQN,1650000,0.0,0.0,0.0,-110.29348057798359,0.0,229.0,0.0,5,False
Dueling Double DQN,1675000,0.0,0.0,0.0,-110.29348057798359,0.0,229.0,0.0,5,False
Dueling Double DQN,1700000,-10.0,12.0,-30.0,-120.29387491937455,7.0,229.0,0.05,5,False
Dueling Double DQN,1725000,-49.2,-18.0,-76.0,-159.49198588204857,28.6,229.0,0.016408668730650156,5,False
Dueling Double DQN,1750000,-94.0,-80.0,-114.0,-204.2934805779836,47.0,229.0,0.0,5,False
Dueling Double DQN,1775000,-20.8,-10.0,-34.0,-131.09335563414976,16.4,229.0,0.03620915032679738,5,False
Dueling Double DQN,1800000,-28.4,-14.0,-44.0,-138.6934744047874,18.2,229.0,0.015773809523809523,5,False
Dueling Double DQN,1825000,-16.0,2.0,-38.0,-126.29092825892022,10.0,229.0,0.02222222222222222,5,False
Dueling Double DQN,1850000,-15.2,-10.0,-26.0,-125.49348057798359,7.6,229.0,0.0,5,False
Dueling Double DQN,1875000,-11.2,-6.0,-16.0,-121.49348057798359,5.6,229.0,0.0,5,False
Dueling Double DQN,1900000,-6.8,-2.0,-12.0,-117.09348057798358,3.4,229.0,0.0,5,False
Dueling Double DQN,1925000,-5.2,-2.0,-14.0,-115.49348057798359,2.6,229.0,0.0,5,False
Dueling Double DQN,1950000,-6.4,-4.0,-10.0,-116.69348057798359,3.2,229.0,0.0,5,False
Dueling Double DQN,1975000,-10.4,0.0,-24.0,-120.6735750236357,7.2,229.0,0.02,5,False
Dueling Double DQN,2000000,-10.0,2.0,-28.0,-120.24712500135084,11.0,229.0,0.05858585858585859,5,False
