model,step,score,reward,fires
Dueling Double DQN,229,-50.0,-160.28739925915875,35
Dueling Double DQN,460,-42.0,-152.2855786708552,31
Dueling Double DQN,689,-76.0,-186.14868360756122,38
Dueling Double DQN,918,-70.0,-180.2895321603603,35
Dueling Double DQN,1147,-72.0,-182.2719702390973,36
Dueling Double DQN,1376,-64.0,-174.28327035231223,32
Dueling Double DQN,1605,-64.0,-174.30627753094447,32
Dueling Double DQN,1834,-108.0,-218.28094356397946,54
Dueling Double DQN,2063,-68.0,-178.28271449882047,34
Dueling Double DQN,2292,-96.0,-206.27740384577208,48
Dueling Double DQN,2521,-52.0,-162.30352279190447,26
Dueling Double DQN,2750,-86.0,-196.29992038735872,43
Dueling Double DQN,2979,-72.0,-182.2932061366938,46
Dueling Double DQN,3208,-46.0,-156.30385335084088,33
Dueling Double DQN,3437,-80.0,-190.29612172132124,40
Dueling Double DQN,3666,-74.0,-184.295118045957,37
Dueling Double DQN,3895,-64.0,-174.30397896991144,32
Dueling Double DQN,4124,-60.0,-170.28273434531138,30
Dueling Double DQN,4353,-96.0,-206.28212002834445,48
Dueling Double DQN,4582,-44.0,-154.2871906819311,32
Dueling Double DQN,4811,-54.0,-164.3023529030184,37
Dueling Double DQN,5040,-82.0,-192.28880170371735,41
Dueling Double DQN,5269,-60.0,-170.30584980738627,40
Dueling Double DQN,5498,-72.0,-182.29600989013795,36
Dueling Double DQN,5727,-58.0,-168.3090068847782,29
Dueling Double DQN,5956,-60.0,-170.29941254076232,30
Dueling Double DQN,6185,-58.0,-168.25298310035728,29
Dueling Double DQN,6414,-66.0,-176.2858055417321,33
Dueling Double DQN,6643,-60.0,-170.27933976350573,30
Dueling Double DQN,6872,-72.0,-182.2989574086169,36
Dueling Double DQN,7101,-66.0,-176.3056376133858,33
Dueling Double DQN,7330,-48.0,-158.2947975537084,24
Dueling Double DQN,7559,-60.0,-170.2963477271802,40
Dueling Double DQN,7788,-84.0,-194.29794232173128,42
Dueling Double DQN,8017,-92.0,-202.2866594547626,46
Dueling Double DQN,8246,-62.0,-172.2997486973809,31
Dueling Double DQN,8475,-78.0,-188.31840778628674,39
Dueling Double DQN,8704,-64.0,-174.29958912478813,32
Dueling Double DQN,8933,-74.0,-184.2973324461243,37
Dueling Double DQN,9162,-40.0,-150.3040560526174,30
Dueling Double DQN,9391,-50.0,-160.29895698598605,25
Dueling Double DQN,9620,-66.0,-176.2984166969561,33
Dueling Double DQN,9849,-46.0,-156.3036299791542,33
Dueling Double DQN,10078,-82.0,-192.29359610613238,41
Dueling Double DQN,10307,-76.0,-186.3058129962684,38
Dueling Double DQN,10536,-74.0,-184.30785524525186,37
Dueling Double DQN,10766,-86.0,-196.2863045056526,43
Dueling Double DQN,10995,-90.0,-200.29378712840435,45
Dueling Double DQN,11224,-72.0,-182.29435306725532,36
Dueling Double DQN,11453,-62.0,-172.29390996890453,31
Dueling Double DQN,11682,-70.0,-180.2906560302755,35
Dueling Double DQN,11911,-88.0,-198.28638722425455,44
Dueling Double DQN,12140,-66.0,-176.29558292174298,33
Dueling Double DQN,12369,-58.0,-168.319974431718,29
Dueling Double DQN,12598,-64.0,-174.30332394194,32
Dueling Double DQN,12827,-62.0,-172.30788589540123,31
Dueling Double DQN,13056,-56.0,-166.29950792500608,28
Dueling Double DQN,13285,-38.0,-148.26896411573287,29
Dueling Double DQN,13514,-60.0,-170.2575415363001,30
Dueling Double DQN,13743,-64.0,-174.2977321326353,32
Dueling Double DQN,13972,-64.0,-174.31726804172143,32
Dueling Double DQN,14201,-58.0,-168.3005353048035,29
Dueling Double DQN,14430,-70.0,-180.289471742864,35
Dueling Double DQN,14659,-40.0,-150.29993039639598,30
Dueling Double DQN,14888,-40.0,-150.2674148795322,20
Dueling Double DQN,15117,-46.0,-156.27817176754706,33
Dueling Double DQN,15346,-54.0,-164.3248215672786,37
Dueling Double DQN,15575,-72.0,-182.28368938025216,36
Dueling Double DQN,15804,-38.0,-148.26377074851246,29
Dueling Double DQN,16033,-58.0,-168.28856923690577,29
Dueling Double DQN,16262,-48.0,-158.27846573432677,24
Dueling Double DQN,16491,-56.0,-166.2735005775675,28
Dueling Double DQN,16720,-40.0,-150.30358165005708,20
Dueling Double DQN,16949,-64.0,-174.2841966656538,32
Dueling Double DQN,17178,-64.0,-174.2885786507681,32
Dueling Double DQN,17407,-42.0,-152.28565039871097,31
Dueling Double DQN,17636,-42.0,-152.2803380137956,31
Dueling Double DQN,17865,-28.0,-138.297009270696,14
Dueling Double DQN,18094,-16.0,-126.2907737573569,18
Dueling Double DQN,18323,-60.0,-170.30316215043507,30
Dueling Double DQN,18552,-68.0,-178.2806140681633,44
Dueling Double DQN,18781,-50.0,-160.30631291986737,25
Dueling Double DQN,19010,-50.0,-160.29089381549608,25
Dueling Double DQN,19239,-38.0,-148.30023314855606,29
Dueling Double DQN,19468,-78.0,-188.29652692854677,39
Dueling Double DQN,19697,-22.0,-132.3090206888652,21
Dueling Double DQN,19926,-66.0,-176.29283640041245,33
Dueling Double DQN,20155,-62.0,-172.28870161197426,31
Dueling Double DQN,20384,-30.0,-140.3059260357406,25
Dueling Double DQN,20613,-30.0,-140.28994739137593,25
Dueling Double DQN,20842,-52.0,-162.31025347285973,26
Dueling Double DQN,21072,-50.0,-160.33545227795753,25
Dueling Double DQN,21301,-58.0,-168.31271438510623,29
Dueling Double DQN,21530,-28.0,-138.2937035397474,24
Dueling Double DQN,21759,-68.0,-178.29085739276485,34
Dueling Double DQN,21988,-38.0,-147.64808496621305,19
Dueling Double DQN,22217,-56.0,-166.30164885788707,28
Dueling Double DQN,22446,-54.0,-163.7041383927707,37
Dueling Double DQN,22675,-40.0,-150.29864058153106,20
Dueling Double DQN,22904,-32.0,-142.2924992290636,26
Dueling Double DQN,23133,-46.0,-156.30005841072614,33
Dueling Double DQN,23362,-16.0,-126.29668895056786,18
Dueling Double DQN,23591,-44.0,-154.28073212124727,22
Dueling Double DQN,23820,-60.0,-170.31965532405042,30
Dueling Double DQN,24049,-60.0,-170.3173364031095,30
Dueling Double DQN,24278,-54.0,-164.30285058700915,27
Dueling Double DQN,24507,-60.0,-170.2918675258174,30
Dueling Double DQN,24736,-36.0,-146.26656229773636,28
Dueling Double DQN,24965,-54.0,-164.30286905495197,27
Dueling Double DQN,25194,-46.0,-156.29566195216117,23
Dueling Double DQN,25423,-54.0,-164.30198165689293,27
Dueling Double DQN,25652,-32.0,-142.2995022403884,26
Dueling Double DQN,25881,-52.0,-162.28216992001617,26
Dueling Double DQN,26110,-44.0,-154.29745294523352,22
Dueling Double DQN,26339,-50.0,-160.28325946971012,25
Dueling Double DQN,26568,-76.0,-186.29807002658987,38
Dueling Double DQN,26797,-52.0,-162.28417016098928,26
Dueling Double DQN,27026,-64.0,-174.1923652908256,32
Dueling Double DQN,27255,-58.0,-168.29406005100537,29
Dueling Double DQN,27484,-50.0,-160.29415242637694,25
Dueling Double DQN,27713,-30.0,-140.30312743106654,15
Dueling Double DQN,27942,-38.0,-148.29275005491786,19
Dueling Double DQN,28171,-62.0,-172.28298367092088,31
Dueling Double DQN,28400,-30.0,-140.2958201644349,25
Dueling Double DQN,28629,-50.0,-160.30224775581178,25
Dueling Double DQN,28858,-50.0,-160.29877992627894,25
Dueling Double DQN,29087,-36.0,-146.27632947349213,18
Dueling Double DQN,29316,-50.0,-160.27578108999884,25
Dueling Double DQN,29545,-60.0,-170.2985210520903,30
Dueling Double DQN,29774,-44.0,-154.30724513747447,22
Dueling Double DQN,30003,-28.0,-138.2950618276859,24
Dueling Double DQN,30232,-46.0,-156.3009227415513,23
Dueling Double DQN,30461,-60.0,-170.2895574512539,30
Dueling Double DQN,30690,-36.0,-146.28315420997708,18
Dueling Double DQN,30919,-44.0,-154.3090079354143,22
Dueling Double DQN,31148,-28.0,-138.2930927268698,14
Dueling Double DQN,31377,-22.0,-132.32050035275768,21
Dueling Double DQN,31606,-36.0,-146.30106480429478,18
Dueling Double DQN,31835,-44.0,-154.2959468191113,22
Dueling Double DQN,32064,-26.0,-136.28559877896373,13
Dueling Double DQN,32293,-8.0,-118.30340411764712,14
Dueling Double DQN,32522,-48.0,-158.29749652295553,24
Dueling Double DQN,32751,-50.0,-160.2891460230301,25
Dueling Double DQN,32980,-18.0,-128.30094089476958,19
Dueling Double DQN,33209,-50.0,-160.29618981822438,25
Dueling Double DQN,33438,-40.0,-150.29819143879737,20
Dueling Double DQN,33667,-24.0,-134.28248913094984,12
Dueling Double DQN,33896,-20.0,-130.28989422963548,20
Dueling Double DQN,34125,-42.0,-152.25516784083453,21
Dueling Double DQN,34354,-34.0,-144.29161135392587,27
Dueling Double DQN,34583,-36.0,-146.25646577027823,18
Dueling Double DQN,34812,-52.0,-162.30085730451975,26
Dueling Double DQN,35041,-42.0,-152.29955787921443,21
Dueling Double DQN,35270,-34.0,-144.3007275453915,27
Dueling Double DQN,35499,-44.0,-154.30304081250515,22
Dueling Double DQN,35728,-42.0,-152.27432752595863,21
Dueling Double DQN,35957,-62.0,-172.30685361726017,31
Dueling Double DQN,36186,-42.0,-152.2918322563158,21
Dueling Double DQN,36415,-24.0,-134.29664565762772,12
Dueling Double DQN,36644,-52.0,-162.298362666376,26
Dueling Double DQN,36873,-38.0,-148.29889042422516,19
Dueling Double DQN,37102,-42.0,-152.29904790126565,21
Dueling Double DQN,37331,-6.0,-116.29915093125487,13
Dueling Double DQN,37560,-36.0,-146.25932584382633,18
Dueling Double DQN,37789,-42.0,-152.08361102340075,21
Dueling Double DQN,38018,-42.0,-152.30129068939726,21
Dueling Double DQN,38247,-30.0,-140.30487264230703,25
Dueling Double DQN,38476,-16.0,-126.29613144520343,18
Dueling Double DQN,38705,-44.0,-154.294537471269,22
Dueling Double DQN,38934,-40.0,-150.29965684411232,20
Dueling Double DQN,39163,-32.0,-142.29091431524301,16
Dueling Double DQN,39392,-38.0,-148.26346710218587,19
Dueling Double DQN,39621,-44.0,-154.29261860231833,22
Dueling Double DQN,39850,-32.0,-142.28616066946662,16
Dueling Double DQN,40079,-26.0,-136.30194730762676,13
Dueling Double DQN,40308,-34.0,-144.29428712569745,17
Dueling Double DQN,40537,-32.0,-142.2975546329076,16
Dueling Double DQN,40766,-22.0,-132.29993191218992,11
Dueling Double DQN,40995,-32.0,-142.3034536691163,16
Dueling Double DQN,41224,-8.0,-118.28443161760661,14
Dueling Double DQN,41453,-26.0,-136.2757960784527,13
Dueling Double DQN,41682,-22.0,-132.29907459522903,11
Dueling Double DQN,41911,-30.0,-140.29986444141738,15
Dueling Double DQN,42140,-28.0,-138.30738429719986,14
Dueling Double DQN,42369,6.0,-104.30367457651984,17
Dueling Double DQN,42598,-36.0,-146.2727308557546,18
Dueling Double DQN,42827,-28.0,-138.28609174905978,24
Dueling Double DQN,43056,-24.0,-134.2924666142772,12
Dueling Double DQN,43285,-32.0,-142.31155259959405,16
Dueling Double DQN,43514,-14.0,-124.29779629264304,17
Dueling Double DQN,43743,-38.0,-148.3156321704366,19
Dueling Double DQN,43972,-24.0,-134.28981128024424,12
Dueling Double DQN,44201,-24.0,-134.27475217699313,12
Dueling Double DQN,44430,-32.0,-142.29966164207684,16
Dueling Double DQN,44659,-38.0,-148.31431296982953,19
Dueling Double DQN,44888,-22.0,-132.29266850212034,11
Dueling Double DQN,45117,-48.0,-158.27625552592502,24
Dueling Double DQN,45346,-16.0,-126.30210221961656,18
Dueling Double DQN,45575,-44.0,-154.286526701784,22
Dueling Double DQN,45804,-32.0,-142.30166442517233,16
Dueling Double DQN,46033,-20.0,-130.296369980881,10
Dueling Double DQN,46262,-6.0,-116.2858927167834,13
Dueling Double DQN,46491,-28.0,-138.29325175853842,14
Dueling Double DQN,46720,-28.0,-138.28296367281018,14
Dueling Double DQN,46949,-38.0,-148.3053639291648,19
Dueling Double DQN,47178,-38.0,-148.30482071212003,19
Dueling Double DQN,47407,-34.0,-144.28827850745589,17
Dueling Double DQN,47636,-12.0,-122.30288339448012,6
Dueling Double DQN,47865,-32.0,-142.30869902506998,16
Dueling Double DQN,48094,-24.0,-134.30047277389522,12
Dueling Double DQN,48323,-30.0,-140.293484628993,15
Dueling Double DQN,48552,-30.0,-140.30058060384457,15
Dueling Double DQN,48781,-22.0,-132.06812387548428,11
Dueling Double DQN,49010,-22.0,-132.28840351917242,11
Dueling Double DQN,49239,-28.0,-138.29167158792154,14
Dueling Double DQN,49468,-22.0,-132.2967603868923,11
Dueling Double DQN,49697,-30.0,-140.29822903983842,15
Dueling Double DQN,49926,-30.0,-140.27914733801745,15
Dueling Double DQN,50155,-22.0,-132.30324221145673,11
Dueling Double DQN,50384,-14.0,-124.301349689079,7
Dueling Double DQN,50613,-30.0,-140.2817097904564,15
Dueling Double DQN,50842,-4.0,-114.28435718118043,12
Dueling Double DQN,51071,-20.0,-130.27862289784235,10
Dueling Double DQN,51300,-24.0,-134.2636995584008,12
Dueling Double DQN,51529,-20.0,-130.29554441044573,10
Dueling Double DQN,51758,-18.0,-128.29486337449828,9
Dueling Double DQN,51987,-24.0,-134.2962912151534,12
Dueling Double DQN,52216,-12.0,-122.31058895131335,6
Dueling Double DQN,52445,-22.0,-132.28129719502576,11
Dueling Double DQN,52674,-16.0,-126.27941289368421,8
Dueling Double DQN,52903,-54.0,-164.3062578400252,27
Dueling Double DQN,53132,-30.0,-140.3097502550768,15
Dueling Double DQN,53361,-24.0,-134.30748673454812,12
Dueling Double DQN,53590,-24.0,-134.27476822337402,12
Dueling Double DQN,53819,-22.0,-132.30222490334626,11
Dueling Double DQN,54048,-24.0,-134.31124028054015,12
Dueling Double DQN,54277,-22.0,-132.29817255610624,11
Dueling Double DQN,54506,-20.0,-130.19769057394524,10
Dueling Double DQN,54735,-16.0,-126.29840686925449,8
Dueling Double DQN,54964,-4.0,-114.29814470233453,12
Dueling Double DQN,55193,-22.0,-132.2925706349221,11
Dueling Double DQN,55422,-28.0,-138.27754369353048,14
Dueling Double DQN,55651,-26.0,-136.29885641377368,13
Dueling Double DQN,55880,-28.0,-138.3048547406599,14
Dueling Double DQN,56109,-22.0,-132.2960142845028,11
Dueling Double DQN,56338,-20.0,-130.2878342593617,10
Dueling Double DQN,56567,-18.0,-128.28973810826096,9
Dueling Double DQN,56796,-4.0,-114.28979465312158,12
Dueling Double DQN,57025,-26.0,-136.29818233896944,13
Dueling Double DQN,57254,-16.0,-126.30436558447775,8
Dueling Double DQN,57483,-16.0,-126.295382675389,8
Dueling Double DQN,57712,-18.0,-128.25757579762424,9
Dueling Double DQN,57941,-20.0,-130.30120206157312,10
Dueling Double DQN,58170,0.0,-110.28679538366482,10
Dueling Double DQN,58399,-14.0,-123.68200610885017,7
Dueling Double DQN,58628,-20.0,-130.31298398312956,10
Dueling Double DQN,58857,-18.0,-128.30857621064553,9
Dueling Double DQN,59086,-20.0,-130.29871536438992,10
Dueling Double DQN,59315,0.0,-110.28830066565406,10
Dueling Double DQN,59544,-26.0,-136.30297071123826,13
Dueling Double DQN,59773,-10.0,-120.29086868484039,5
Dueling Double DQN,60002,-14.0,-124.30132566997209,7
Dueling Double DQN,60231,-16.0,-126.27678551186723,8
Dueling Double DQN,60460,-12.0,-122.29587775112472,6
Dueling Double DQN,60689,-12.0,-122.27379083388973,6
Dueling Double DQN,60918,-18.0,-128.30250756960103,9
Dueling Double DQN,61147,10.0,-100.2896782684739,5
Dueling Double DQN,61376,-10.0,-120.29413241651748,5
Dueling Double DQN,61605,-12.0,-122.29666373120685,6
Dueling Double DQN,61834,-14.0,-124.30347073834605,7
Dueling Double DQN,62063,0.0,-110.25413033875502,10
Dueling Double DQN,62292,-4.0,-114.27038474546623,2
Dueling Double DQN,62521,-16.0,-126.30962677320102,8
Dueling Double DQN,62750,8.0,-102.2833288771649,6
Dueling Double DQN,62979,-8.0,-118.30648193702714,4
Dueling Double DQN,63208,-8.0,-118.29736707830402,4
Dueling Double DQN,63437,-12.0,-122.30241522086348,6
Dueling Double DQN,63666,-10.0,-120.2792864869639,5
Dueling Double DQN,63895,-16.0,-126.30382253636802,8
Dueling Double DQN,64124,-18.0,-128.27925021088643,9
Dueling Double DQN,64353,-6.0,-116.29139859723911,3
Dueling Double DQN,64582,-8.0,-118.28822877268948,4
Dueling Double DQN,64811,-12.0,-122.29617276860982,6
Dueling Double DQN,65040,-16.0,-126.29391740961725,8
Dueling Double DQN,65269,-8.0,-118.28400188792735,4
Dueling Double DQN,65498,-6.0,-116.27795852732612,3
Dueling Double DQN,65727,-6.0,-116.28327763287359,3
Dueling Double DQN,65956,-4.0,-114.28434839602858,2
Dueling Double DQN,66185,-10.0,-120.29494472143273,5
Dueling Double DQN,66414,-4.0,-114.30287216033594,2
Dueling Double DQN,66643,-6.0,-116.29500330800964,3
Dueling Double DQN,66872,-8.0,-118.290237244189,4
Dueling Double DQN,67101,-10.0,-120.29568384069961,5
Dueling Double DQN,67330,-6.0,-116.30968747850658,3
Dueling Double DQN,67559,-10.0,-120.3036510674458,5
Dueling Double DQN,67788,-8.0,-117.9603860872647,4
Dueling Double DQN,68017,-12.0,-122.31711212787572,6
Dueling Double DQN,68246,-8.0,-118.30214650542014,4
Dueling Double DQN,68475,-10.0,-120.27970068790445,5
Dueling Double DQN,68704,-4.0,-114.29979815453719,2
Dueling Double DQN,68933,-6.0,-116.3097692568312,3
Dueling Double DQN,69162,-4.0,-114.3053266394669,2
Dueling Double DQN,69391,-6.0,-116.2972257706637,3
Dueling Double DQN,69620,0.0,-110.3035710061807,0
Dueling Double DQN,69849,-4.0,-114.29139618532233,2
Dueling Double DQN,70078,-6.0,-116.30517745121102,3
Dueling Double DQN,70307,-6.0,-116.27019205880086,3
Dueling Double DQN,70536,-2.0,-112.31326948652402,1
Dueling Double DQN,70765,-2.0,-112.29883963968376,1
Dueling Double DQN,70994,-8.0,-118.29844166541696,4
Dueling Double DQN,71223,-6.0,-116.30726160198935,3
Dueling Double DQN,71452,-6.0,-116.29501464550503,3
Dueling Double DQN,71681,16.0,-94.28651302916614,2
Dueling Double DQN,71910,-6.0,-116.13240964524958,3
Dueling Double DQN,72139,-6.0,-116.29215742911403,3
Dueling Double DQN,72368,-4.0,-114.29681443237993,2
Dueling Double DQN,72597,-4.0,-114.29919674437049,2
Dueling Double DQN,72826,-2.0,-112.28682685597718,1
Dueling Double DQN,73055,-2.0,-112.30271972185771,1
Dueling Double DQN,73284,-8.0,-118.29280866231935,4
Dueling Double DQN,73513,-4.0,-114.2935107416993,2
Dueling Double DQN,73742,-4.0,-114.25623917711478,2
Dueling Double DQN,73971,-10.0,-120.29570291969407,5
Dueling Double DQN,74200,0.0,-110.3085691164236,0
Dueling Double DQN,74429,-2.0,-112.2990648758584,1
Dueling Double DQN,74658,0.0,-110.28385842094913,0
Dueling Double DQN,74887,-4.0,-114.29537798750289,2
Dueling Double DQN,75116,-2.0,-112.17357525846708,1
Dueling Double DQN,75345,-2.0,-112.29344100766748,1
Dueling Double DQN,75574,-10.0,-120.28031036113529,5
Dueling Double DQN,75803,-2.0,-112.30978056011162,1
Dueling Double DQN,76032,-4.0,-114.30301615357871,2
Dueling Double DQN,76261,14.0,-96.23999069856104,3
Dueling Double DQN,76490,0.0,-110.28536346646334,0
Dueling Double DQN,76719,0.0,-110.28930627821161,0
Dueling Double DQN,76948,-4.0,-114.2848226314052,2
Dueling Double DQN,77177,-4.0,-114.29284511659984,2
Dueling Double DQN,77406,-8.0,-118.28254434184322,4
Dueling Double DQN,77635,-4.0,-114.29533467813219,2
Dueling Double DQN,77864,0.0,-110.26665424245607,0
Dueling Double DQN,78093,-6.0,-116.30058029524609,3
Dueling Double DQN,78322,-2.0,-112.27974039027107,1
Dueling Double DQN,78551,-6.0,-116.29399122045679,3
Dueling Double DQN,78780,-4.0,-114.27431745024964,2
Dueling Double DQN,79009,-6.0,-116.29034880351597,3
Dueling Double DQN,79238,0.0,-110.2934168493943,0
Dueling Double DQN,79467,-8.0,-118.27996524257321,4
Dueling Double DQN,79697,-2.0,-112.22170791624102,1
Dueling Double DQN,79926,-6.0,-116.30451800821113,3
Dueling Double DQN,80155,-2.0,-112.28878760828626,1
Dueling Double DQN,80384,-6.0,-116.31498422234847,3
Dueling Double DQN,80613,-2.0,-112.29838002537514,1
Dueling Double DQN,80842,-4.0,-114.28528315145624,2
Dueling Double DQN,81071,-4.0,-114.29625937184942,2
Dueling Double DQN,81300,-4.0,-114.30102873231708,2
Dueling Double DQN,81529,0.0,-110.28454607102645,0
Dueling Double DQN,81758,-8.0,-118.28596185725347,4
Dueling Double DQN,81987,-2.0,-112.28601135612749,1
Dueling Double DQN,82216,-6.0,-116.25734340571626,3
Dueling Double DQN,82445,-6.0,-116.29989144238759,3
Dueling Double DQN,82674,-6.0,-116.30015809455655,3
Dueling Double DQN,82903,-2.0,-112.28753879752747,1
Dueling Double DQN,83132,-4.0,-114.28620291855873,2
Dueling Double DQN,83361,-4.0,-114.27148591006066,2
Dueling Double DQN,83590,-6.0,-116.30514513463159,3
Dueling Double DQN,83819,0.0,-110.31775610613374,0
Dueling Double DQN,84048,0.0,-110.30262608029928,0
Dueling Double DQN,84277,0.0,-110.2942287149719,0
Dueling Double DQN,84506,-8.0,-118.2945677496881,4
Dueling Double DQN,84735,-4.0,-114.28801235273096,2
Dueling Double DQN,84964,-4.0,-114.28566084304734,2
Dueling Double DQN,85193,0.0,-110.29973303922134,0
Dueling Double DQN,85422,-4.0,-114.28971494833256,2
Dueling Double DQN,85651,-4.0,-114.29927022259015,2
Dueling Double DQN,85880,-2.0,-112.2973678479734,1
Dueling Double DQN,86109,-4.0,-114.29348649327581,2
Dueling Double DQN,86338,16.0,-94.30313956278869,2
Dueling Double DQN,86567,-2.0,-112.28579644381887,1
Dueling Double DQN,86796,-2.0,-112.27661838582051,1
Dueling Double DQN,87025,0.0,-110.29708095648587,0
Dueling Double DQN,87254,-2.0,-112.28158585169732,1
Dueling Double DQN,87483,-14.0,-124.31405255426225,7
Dueling Double DQN,87712,-6.0,-116.29992588599131,3
Dueling Double DQN,87941,-6.0,-116.30717888949445,3
Dueling Double DQN,88170,-2.0,-112.30420476970238,1
Dueling Double DQN,88399,-6.0,-116.28908158322734,3
Dueling Double DQN,88628,-4.0,-114.2911716445624,2
Dueling Double DQN,88857,-2.0,-112.28103082570262,1
Dueling Double DQN,89086,0.0,-109.7114652448758,0
Dueling Double DQN,89315,-10.0,-120.31778059981762,5
Dueling Double DQN,89544,-2.0,-112.30578848107103,1
Dueling Double DQN,89773,-6.0,-116.29917184909722,3
Dueling Double DQN,90002,-2.0,-112.29807183838425,1
Dueling Double DQN,90231,-4.0,-114.28280774086656,2
Dueling Double DQN,90460,-2.0,-112.29879038063015,1
Dueling Double DQN,90689,-4.0,-114.27992158809535,2
Dueling Double DQN,90918,-2.0,-112.30392533542557,1
Dueling Double DQN,91147,-10.0,-120.28235614766906,5
Dueling Double DQN,91376,-8.0,-118.28207098755477,4
Dueling Double DQN,91605,-8.0,-118.29694457985937,4
Dueling Double DQN,91834,-2.0,-112.2955206593449,1
Dueling Double DQN,92063,-4.0,-114.28182324323592,2
Dueling Double DQN,92292,0.0,-110.28816501356697,0
Dueling Double DQN,92521,-4.0,-114.29734213568034,2
Dueling Double DQN,92750,-4.0,-114.29299355868143,2
Dueling Double DQN,92979,-2.0,-112.2884492106665,1
Dueling Double DQN,93208,0.0,-110.30659948320313,0
Dueling Double DQN,93437,-4.0,-114.30251723502194,2
Dueling Double DQN,93666,-4.0,-114.27630579834813,2
Dueling Double DQN,93895,-10.0,-120.29617799641018,5
Dueling Double DQN,94124,-4.0,-114.30752983881905,2
Dueling Double DQN,94353,-2.0,-112.30380992410454,1
Dueling Double DQN,94582,0.0,-110.29739607296452,0
Dueling Double DQN,94811,-6.0,-116.3052570273029,3
Dueling Double DQN,95040,-6.0,-116.29432277667566,3
Dueling Double DQN,95269,-2.0,-112.30428862921778,1
Dueling Double DQN,95498,-4.0,-114.2942391063512,2
Dueling Double DQN,95727,-4.0,-114.28030463531871,2
Dueling Double DQN,95956,-2.0,-112.28951965218963,1
Dueling Double DQN,96185,0.0,-110.29797947111308,0
Dueling Double DQN,96414,-2.0,-112.3059132886198,1
Dueling Double DQN,96643,-4.0,-114.24701258540512,2
Dueling Double DQN,96872,-4.0,-114.3124434919315,2
Dueling Double DQN,97101,0.0,-110.3119965685628,0
Dueling Double DQN,97330,0.0,-110.29088390028929,0
Dueling Double DQN,97559,-2.0,-112.31865178947406,1
Dueling Double DQN,97788,-4.0,-114.29583797628024,2
Dueling Double DQN,98017,-10.0,-120.29547994125488,5
Dueling Double DQN,98246,0.0,-110.30070491386783,0
Dueling Double DQN,98475,-8.0,-118.26517632559018,4
Dueling Double DQN,98704,-18.0,-128.2974964175514,9
Dueling Double DQN,98933,-2.0,-112.29265612873535,1
Dueling Double DQN,99162,-2.0,-112.29071169583737,1
Dueling Double DQN,99391,-6.0,-116.29760180146427,3
Dueling Double DQN,99620,-2.0,-112.30184479290904,1
Dueling Double DQN,99849,-6.0,-116.29588636420584,3
